Question,Answer
Is there an association between [Exposure/Intervention] and [Outcome]?,[Retrieval Failed - Clipboard Empty]
What is the effect of [Exposure/Intervention] on [Outcome/Measurement]?,"
"
Is there an association between [Exposure/Intervention] and [Outcome]?,[Retrieval Failed - Clipboard Empty]
Is there an association between [Exposure/Intervention] and [Outcome]?,[Retrieval Failed - Clipboard Empty]
Is there an association between [Exposure/Intervention] and [Outcome]?,[Retrieval Failed - Clipboard Empty]
Is there an association between [Exposure/Intervention] and [Outcome]?,[Retrieval Failed - Clipboard Empty]
Is there an association between [Exposure/Intervention] and [Outcome]?,[Retrieval Failed - Clipboard Empty]
Is there an association between [Exposure/Intervention] and [Outcome]?,[Retrieval Failed - Clipboard Empty]
